method,mp1,mp3,mp5,mp10,mp20,atleast1/3,atleast1/10
GT (DCG scoring),1.0,0.894586894587,0.687179487179,0.435042735043,0.22735042735,1.0,1.0
SVR linear #iter=10K (top1),0.0940170940171,0.0683760683761,0.0564102564103,0.0435897435897,0.0282051282051,0.17094017094,0.307692307692
SVR poly #iter=10K (top1),0.196581196581,0.108262108262,0.0888888888889,0.0649572649573,0.0423076923077,0.213675213675,0.316239316239
SVR RBF #iter=10K (top1),0.264957264957,0.205128205128,0.160683760684,0.109401709402,0.0696581196581,0.384615384615,0.529914529915
