method,mp1,mp3,mp5,mp10,mp20,atleast1/3,atleast1/10
GT,0.923076923077,0.438746438746,0.304273504274,0.17264957265,0.100854700855,0.974358974359,0.974358974359
SVR RBF #iter=1K,0.136752136752,0.0854700854701,0.0717948717949,0.0504273504274,0.0337606837607,0.205128205128,0.307692307692
SVR RBF #iter=10K,0.162393162393,0.0968660968661,0.0803418803419,0.0555555555556,0.0354700854701,0.222222222222,0.333333333333
SVR poly #iter=10K,0.213675213675,0.136752136752,0.105982905983,0.0666666666667,0.042735042735,0.273504273504,0.350427350427
